{"cameraMode":{"drawMode":0,"name":"Shaded","section":"Shading Mode"},"sceneLighting":false,"audioPlay":false,"sceneViewState":{"showFog":true,"showMaterialUpdate":false,"showSkybox":false,"showFlares":true,"showImageEffects":true,"showParticleSystems":true},"in2DMode":false,"pivot":{"x":-0.07654492557048798,"y":5.000064373016357,"z":-0.0013310909271240235},"rotation":{"x":0.003602807642892003,"y":-0.008685313165187836,"z":-0.000008053373676375486,"w":0.9999814033508301},"size":5.400017738342285,"orthographic":false}