{"cameraMode":{"drawMode":0,"name":"Shaded","section":"Shading Mode"},"sceneLighting":false,"audioPlay":false,"sceneViewState":{"showFog":true,"showMaterialUpdate":false,"showSkybox":false,"showFlares":true,"showImageEffects":true,"showParticleSystems":true},"in2DMode":false,"pivot":{"x":0.0000059604644775390628,"y":0.8543208837509155,"z":-0.043670654296875},"rotation":{"x":0.24120642244815827,"y":-0.0011596080148592592,"z":0.0002478376845829189,"w":0.9704992771148682},"size":5.228943347930908,"orthographic":false}