{"cameraMode":{"drawMode":0,"name":"Shaded","section":"Shading Mode"},"sceneLighting":false,"audioPlay":false,"sceneViewState":{"showFog":true,"showMaterialUpdate":false,"showSkybox":false,"showFlares":true,"showImageEffects":true,"showParticleSystems":true},"in2DMode":false,"pivot":{"x":0.01567256450653076,"y":2.4920272827148439,"z":-0.10832703113555908},"rotation":{"x":0.0005543773877434433,"y":0.33567699790000918,"z":-0.0002392829628661275,"w":0.9420040249824524},"size":3.0771431922912599,"orthographic":false}