{"cameraMode":{"drawMode":0,"name":"Shaded","section":"Shading Mode"},"sceneLighting":false,"audioPlay":false,"sceneViewState":{"showFog":true,"showMaterialUpdate":false,"showSkybox":false,"showFlares":true,"showImageEffects":true,"showParticleSystems":true},"in2DMode":false,"pivot":{"x":0.3117619752883911,"y":0.9102553725242615,"z":-0.006855964660644531},"rotation":{"x":0.003602807642892003,"y":-0.008685313165187836,"z":-0.000008053373676375486,"w":0.9999814033508301},"size":3.0318222045898439,"orthographic":false}