{"cameraMode":{"drawMode":0,"name":"Shaded","section":"Shading Mode"},"sceneLighting":false,"audioPlay":false,"sceneViewState":{"showFog":true,"showMaterialUpdate":false,"showSkybox":false,"showFlares":true,"showImageEffects":true,"showParticleSystems":true},"in2DMode":false,"pivot":{"x":-0.05036485195159912,"y":1.252303123474121,"z":0.041658639907836917},"rotation":{"x":0.003602807642892003,"y":-0.008685313165187836,"z":-0.000008053373676375486,"w":0.9999814033508301},"size":1.8668068647384644,"orthographic":false}