{"cameraMode":{"drawMode":0,"name":"Shaded","section":"Shading Mode"},"sceneLighting":false,"audioPlay":false,"sceneViewState":{"showFog":true,"showMaterialUpdate":false,"showSkybox":false,"showFlares":true,"showImageEffects":true,"showParticleSystems":true},"in2DMode":false,"pivot":{"x":0.0,"y":0.009999990463256836,"z":-0.49974995851516726},"rotation":{"x":0.24120642244815827,"y":-0.0011596080148592592,"z":0.0002478376845829189,"w":0.9704992771148682},"size":2.4744794368743898,"orthographic":false}