{"cameraMode":{"drawMode":0,"name":"Shaded","section":"Shading Mode"},"sceneLighting":false,"audioPlay":false,"sceneViewState":{"showFog":true,"showMaterialUpdate":false,"showSkybox":false,"showFlares":true,"showImageEffects":true,"showParticleSystems":true},"in2DMode":false,"pivot":{"x":3.5997238159179689,"y":-5.340476989746094,"z":-11.326278686523438},"rotation":{"x":0.003602807642892003,"y":-0.008685313165187836,"z":-0.000008053373676375486,"w":0.9999814033508301},"size":38.05757522583008,"orthographic":false}