{"cameraMode":{"drawMode":0,"name":"Shaded","section":"Shading Mode"},"sceneLighting":false,"audioPlay":false,"sceneViewState":{"showFog":true,"showMaterialUpdate":false,"showSkybox":false,"showFlares":true,"showImageEffects":true,"showParticleSystems":true},"in2DMode":false,"pivot":{"x":4.067253589630127,"y":0.6407421231269836,"z":-3.188629150390625},"rotation":{"x":0.0005543773877434433,"y":0.33567699790000918,"z":-0.0002392829628661275,"w":0.9420040249824524},"size":6.900018692016602,"orthographic":false}