{"cameraMode":{"drawMode":0,"name":"Shaded","section":"Shading Mode"},"sceneLighting":true,"audioPlay":false,"sceneViewState":{"showFog":true,"showMaterialUpdate":false,"showSkybox":true,"showFlares":true,"showImageEffects":true,"showParticleSystems":true},"in2DMode":false,"pivot":{"x":20.36859893798828,"y":-0.5032758712768555,"z":18.308794021606447},"rotation":{"x":0.3789733350276947,"y":0.5284152030944824,"z":-0.2842312157154083,"w":0.7045532464981079},"size":8.220420837402344,"orthographic":false}