{"cameraMode":{"drawMode":0,"name":"Shaded","section":"Shading Mode"},"sceneLighting":false,"audioPlay":false,"sceneViewState":{"showFog":true,"showMaterialUpdate":false,"showSkybox":false,"showFlares":true,"showImageEffects":true,"showParticleSystems":true},"in2DMode":false,"pivot":{"x":0.0,"y":1.590000033378601,"z":0.8399999737739563},"rotation":{"x":0.021994439885020257,"y":0.7156155705451965,"z":-0.022543229162693025,"w":0.6978001594543457},"size":5.946470737457275,"orthographic":false}