{"cameraMode":{"drawMode":0,"name":"Shaded","section":"Shading Mode"},"sceneLighting":false,"audioPlay":false,"sceneViewState":{"showFog":true,"showMaterialUpdate":false,"showSkybox":false,"showFlares":true,"showImageEffects":true,"showParticleSystems":true},"in2DMode":false,"pivot":{"x":17.390338897705079,"y":-2.4963626861572267,"z":-5.044644355773926},"rotation":{"x":0.1254754364490509,"y":0.7121946215629578,"z":-0.1318061798810959,"w":0.6779863834381104},"size":31.913515090942384,"orthographic":false}