{"cameraMode":{"drawMode":0,"name":"Shaded","section":"Shading Mode"},"sceneLighting":false,"audioPlay":false,"sceneViewState":{"showFog":true,"showMaterialUpdate":false,"showSkybox":false,"showFlares":true,"showImageEffects":true,"showParticleSystems":true},"in2DMode":false,"pivot":{"x":-0.07868066430091858,"y":0.9387012124061585,"z":-0.23867610096931458},"rotation":{"x":-0.011687304824590683,"y":0.015619908459484578,"z":0.00022300024284049869,"w":0.9998356103897095},"size":1.7075039148330689,"orthographic":false}