{"cameraMode":{"drawMode":0,"name":"Shaded","section":"Shading Mode"},"sceneLighting":false,"audioPlay":false,"sceneViewState":{"showFog":true,"showMaterialUpdate":false,"showSkybox":false,"showFlares":true,"showImageEffects":true,"showParticleSystems":true},"in2DMode":false,"pivot":{"x":-0.08376224339008331,"y":0.39990437030792239,"z":-0.35315918922424319},"rotation":{"x":0.13341307640075684,"y":-0.005324988160282373,"z":0.0007574342307634652,"w":0.9910722970962524},"size":0.9870979189872742,"orthographic":false}