{"cameraMode":{"drawMode":0,"name":"Shaded","section":"Shading Mode"},"sceneLighting":true,"audioPlay":false,"sceneViewState":{"showFog":true,"showMaterialUpdate":false,"showSkybox":false,"showFlares":true,"showImageEffects":true,"showParticleSystems":true},"in2DMode":false,"pivot":{"x":0.0,"y":1.250000238418579,"z":-1.1920928955078126e-7},"rotation":{"x":0.15769387781620027,"y":0.7624881863594055,"z":-0.2024267017841339,"w":0.5939648747444153},"size":2.3810505867004396,"orthographic":false}