{"cameraMode":{"drawMode":0,"name":"Shaded","section":"Shading Mode"},"sceneLighting":false,"audioPlay":false,"sceneViewState":{"showFog":true,"showMaterialUpdate":false,"showSkybox":false,"showFlares":true,"showImageEffects":true,"showParticleSystems":true},"in2DMode":false,"pivot":{"x":-0.23557186126708985,"y":-0.18349027633666993,"z":0.6026802062988281},"rotation":{"x":0.1254754364490509,"y":0.7121946215629578,"z":-0.1318061798810959,"w":0.6779863834381104},"size":20.510608673095704,"orthographic":false}