{"cameraMode":{"drawMode":0,"name":"Shaded","section":"Shading Mode"},"sceneLighting":false,"audioPlay":false,"sceneViewState":{"showFog":true,"showMaterialUpdate":false,"showSkybox":false,"showFlares":true,"showImageEffects":true,"showParticleSystems":true},"in2DMode":false,"pivot":{"x":0.0,"y":1.250000238418579,"z":-1.1920928955078126e-7},"rotation":{"x":0.0009255512850359082,"y":0.9950721859931946,"z":-0.09883563220500946,"w":0.009248271584510804},"size":5.081050872802734,"orthographic":false}