{"cameraMode":{"drawMode":0,"name":"Shaded","section":"Shading Mode"},"sceneLighting":false,"audioPlay":false,"sceneViewState":{"showFog":true,"showMaterialUpdate":false,"showSkybox":false,"showFlares":true,"showImageEffects":true,"showParticleSystems":true},"in2DMode":false,"pivot":{"x":0.05757103115320206,"y":-0.07850921154022217,"z":-0.4828214645385742},"rotation":{"x":0.2612107992172241,"y":-0.016763871535658838,"z":0.004578849300742149,"w":0.9651527404785156},"size":1.8870978355407715,"orthographic":false}